city,heavy,medium,light,good
beijing,0.17260061919504643,0.268937048503612,0.24742002063983487,0.3110423116615067
chengdu,0.11036339165545088,0.2532077164647824,0.39883355764917006,0.23759533423059667
guangzhou,0.01225465776626482,0.14715552455913122,0.4265716847663645,0.4140181329082395
shanghai,0.051607917221244255,0.18728264136361686,0.37409299729509254,0.3870164441200464
shenyang,0.10851791288836034,0.2508299886031416,0.33695059709627867,0.3037015014122194
